pathway	description	G34369	G34370	G34371	G34372	G34373	G34374	G34375	G34376	G34377	G34378
1CMET2-PWY	N10-formyl-tetrahydrofolate biosynthesis	13165.507895772902	13886.598745817288	13762.79437056423	13415.621721546258	13089.086991188757	12179.823433052132	12525.471291724543	12042.22305414361	11596.484854218616	11526.270786258065
ANAEROFRUCAT-PWY	homolactic fermentation	5354.46124854086	6617.550986699791	7050.705937592476	6681.094161523073	6418.969169195784	6168.607472209848	6002.758874391398	5154.52531537364	5210.729074910628	5332.450229096672
ANAGLYCOLYSIS-PWY	glycolysis III (from glucose)	11518.808674124932	11658.701718703103	10661.344000016152	11090.560298588553	10496.503760776162	9234.833887655272	10299.654159583984	10811.512487187054	10396.3493722315	10138.45886343648
ARG+POLYAMINE-SYN	superpathway of arginine and polyamine biosynthesis	4074.589852973936	4978.53882742157	5076.69860701439	4840.101854906123	4127.664258145063	5123.999476222738	3929.561564355068	3262.6680977261467	3444.5391705412185	3392.633899107104
ARGSYN-PWY	L-arginine biosynthesis I (via L-ornithine)	14705.074965437632	14956.029988095628	14188.450341789268	14227.52585774411	13979.63140429481	12917.220750595665	13962.280884774897	13974.859403879527	14191.375299037389	13363.794008286171
ARGSYNBSUB-PWY	L-arginine biosynthesis II (acetyl cycle)	14696.65099747254	15108.11889239795	14224.503631991083	14396.64440760446	13979.85180220546	12575.78870900774	13200.564309289004	14103.915026958524	14481.155385246324	13619.805049939843
ARO-PWY	chorismate biosynthesis I	17210.999461655396	17182.75746744231	16133.970893952175	16403.239204959355	15934.693804693969	14747.449456566024	15462.905332134753	16387.910358863384	16474.47343732218	15625.185823931552
ASPASN-PWY	superpathway of L-aspartate and L-asparagine biosynthesis	3460.533884477626	3644.313333166287	3528.735666811668	3329.3020509179905	3267.8163192750862	2316.259170799827	1719.3434734263053	2735.871450146246	2744.0498774130983	2724.4031027733818
AST-PWY	L-arginine degradation II (AST pathway)	0.0	13.256504902210953	1.6738829113198248	5.809551334173129	7.468361463355938	1808.0741952417247	755.2398568730226	178.05572331841026	321.8308578507545	385.43376011159296
BIOTIN-BIOSYNTHESIS-PWY	biotin biosynthesis I	7695.11576039352	8526.39969953373	8585.9053259854	8256.636427213452	8161.37145929703	8299.762096614682	7576.607928774158	7135.972674265167	6753.3634671216905	7004.509630140685
BRANCHED-CHAIN-AA-SYN-PWY	superpathway of branched amino acid biosynthesis	24369.41858812364	24802.269420819528	24286.409432585817	24301.91765862172	24109.28659666996	21125.26619985761	23118.16206720579	23906.401477719148	23572.87715735676	22417.40530571257
CALVIN-PWY	Calvin-Benson-Bassham cycle	16581.583454970874	16516.645575095703	15456.662316047572	15693.05144790658	15220.285283100306	15176.309091666111	15761.394243677878	15781.259548049386	15917.50650183772	15058.471401607952
COA-PWY	coenzyme A biosynthesis I	16172.844556712464	16151.452427962586	15354.814484209595	15509.260341737134	15117.866315095584	13958.761031846616	14761.746814118633	15503.460890493385	15531.432456789198	14845.852390639988
COBALSYN-PWY	adenosylcobalamin salvage from cobinamide I	2523.850331449758	3870.393548555657	4690.567465914794	4189.850542094994	4327.000231708884	1853.677624033832	2928.8722874212126	2740.461643743965	2675.1001845986634	2364.5116697457297
COLANSYN-PWY	colanic acid building blocks biosynthesis	13612.586179317115	12361.54267711444	11121.49915295096	11667.42903214858	11108.662140374843	11274.27343673301	11848.343128434331	12634.892003094235	12444.582667511782	11601.468731066434
COMPLETE-ARO-PWY	superpathway of aromatic amino acid biosynthesis	18403.57846782854	18330.59850186013	17228.062243895398	17522.47222446834	16999.86619262061	15802.409251894896	16515.412054478995	17484.519591441313	17510.016151916792	16577.890695879218
CRNFORCAT-PWY	creatinine degradation I	1794.611396946768	1919.361409068475	2717.32386720358	2667.322744748113	3015.768593892867	1984.9039585807973	2145.2313971706976	2988.4006136488474	2970.334579817601	2790.3788685869126
DAPLYSINESYN-PWY	L-lysine biosynthesis I	16237.770006573151	16499.316369623615	15751.320737023763	15879.00886537915	15465.690464189753	15147.18568280413	15417.565381936523	15691.244842433074	15954.89655741934	15296.56116387522
DTDPRHAMSYN-PWY	dTDP-L-rhamnose biosynthesis I	10615.392959994791	10738.63180740482	10349.629820492177	9825.429838526505	10133.22648780966	7725.166975414324	10799.36161018022	9401.877907984985	9252.427464265502	9792.50350879058
FAO-PWY	fatty acid &beta;-oxidation I	12589.858321755666	13659.097426023662	14722.015315387856	14142.962941885717	14210.099759503297	12791.921144594487	13105.70822231594	12765.059613081114	11858.538399986812	11757.8049545848
FASYN-ELONG-PWY	fatty acid elongation -- saturated	26645.343691704005	27208.513252952624	26581.980312644875	26521.673746678087	26132.88634380728	22688.46529705869	24952.351269122104	25694.174332392344	25510.125237978675	24338.29289555804
FASYN-INITIAL-PWY	superpathway of fatty acid biosynthesis initiation (E. coli)	16218.777416067323	16650.28168554271	16069.782786222777	16078.256804463368	15807.7303319176	16740.08777979894	16179.778733215218	15581.164828031518	14876.018980097091	14869.809880748331
FERMENTATION-PWY	mixed acid fermentation	1407.8166411219504	1362.097912067882	896.932672284429	996.6616315247086	749.0845485185387	6023.060940365315	3418.7311352347187	1963.970613438624	2277.024653285561	2453.01407627896
FOLSYN-PWY	superpathway of tetrahydrofolate biosynthesis and salvage	11941.975400661337	12472.066482801576	12035.107546189542	11899.720763273312	11567.746122391807	11002.949107253467	10951.773898692938	10949.831945247384	10785.736540174825	10620.20537150622
GALACT-GLUCUROCAT-PWY	superpathway of hexuronide and hexuronate degradation	291.3464761402621	472.3904310452161	743.6107844445444	605.2474265667967	677.2870725273303	402.9278578528519	454.6381929791065	510.2537848648861	260.9465601065347	350.9747920793246
GALACTARDEG-PWY	D-galactarate degradation I	195.063355298192	280.8990941379165	303.1481680829156	214.570750912753	392.65832345015696	210.7839845050681	213.09946684261325	286.4779905280544	170.97555732956764	287.19595025032595
GALACTUROCAT-PWY	D-galacturonate degradation I	2485.665346653261	3444.2858820115825	4048.004721562428	3692.215701917653	3930.7698682060095	2568.2785890599957	3743.512272970751	2849.9254228169843	2304.3936124208026	2327.049017716708
GALLATE-DEGRADATION-I-PWY	gallate degradation II	363.0	553.0	446.0	479.00000000000006	485.0	160.0	328.0	354.0	343.0	305.0
GALLATE-DEGRADATION-II-PWY	gallate degradation I	363.0	553.0	446.0	479.00000000000006	485.0	160.0	328.0	354.0	343.0	305.0
GLUCARDEG-PWY	D-glucarate degradation I	195.063355298192	280.8990941379165	303.1481680829156	214.570750912753	392.65832345015696	210.7839845050681	213.09946684261325	286.4779905280544	170.97555732956764	287.19595025032595
GLUCARGALACTSUPER-PWY	superpathway of D-glucarate and D-galactarate degradation	195.063355298192	280.8990941379165	303.1481680829156	214.570750912753	392.65832345015696	210.7839845050681	213.09946684261325	286.4779905280544	170.97555732956764	287.19595025032595
GLUCONEO-PWY	gluconeogenesis I	14202.90705285493	15235.302377794098	15363.746255087395	15154.118120777484	15086.434819833856	12976.30229188214	14664.821250633357	14135.985694567027	13706.589161507736	13344.541560790576
GLUCOSE1PMETAB-PWY	glucose and glucose-1-phosphate degradation	2418.2069869568068	2952.5021218565566	2694.507406545585	2431.245389474504	2032.4416113458055	3174.6181310812	2095.341477210816	1429.3170559094126	1817.91476165948	1704.027168625894
GLUCUROCAT-PWY	superpathway of &beta;-D-glucuronide and D-glucuronate degradation	1574.6932215495838	2551.0800792149907	3089.678252052167	2849.74615900159	2976.976449432624	1907.09574193881	2577.5056153263386	1999.736949903577	1724.2735316814114	1569.529626734049
GLUTORN-PWY	L-ornithine biosynthesis	15347.684061562486	15835.934923370998	14955.18757695038	15020.44927611434	14629.534245185348	13458.892283097755	13912.90162637677	14548.181035024676	14902.779926268706	14166.400251563537
GLYCOCAT-PWY	glycogen degradation I (bacterial)	676.791642680113	762.0665575152128	645.3047072676234	568.7284119516496	668.234076934347	2365.6939176827527	1306.061535185643	719.9867686442179	659.9091877182615	816.4859101862138
GLYCOGENSYNTH-PWY	glycogen biosynthesis I (from ADP-D-Glucose)	2224.579465078833	2432.688487371076	2267.892761105986	2063.1165293578188	1865.233766219565	2889.177074940272	2154.65612687973	1426.39639205744	1603.6444862425944	1582.5141246965482
GLYCOLYSIS	glycolysis I (from glucose 6-phosphate)	11726.974916102808	12441.032602729823	12045.47657471003	12167.428841426838	11811.53492760274	9629.17328599182	11300.28593675599	11335.663434994718	10597.731599335366	10491.742561136862
GLYCOLYSIS-E-D	superpathway of glycolysis and Entner-Doudoroff	8111.313019540754	9666.346781168651	10250.209689360338	9975.491513967569	9840.795329040096	7957.3873916436605	8912.872049144567	8269.351798636255	7808.183935738604	7699.947576437613
GLYCOLYSIS-TCA-GLYOX-BYPASS	superpathway of glycolysis, pyruvate dehydrogenase, TCA, and glyoxylate bypass	7682.834796583969	8995.128495965248	9433.588863087967	8929.678792414757	8635.49432912507	8277.784592944286	8051.8796591205555	7038.846867325007	7166.851670225728	7306.229046659439
GLYOXYLATE-BYPASS	glyoxylate cycle	13601.525366627991	13089.357310813752	11987.474138405174	12220.253648113205	11852.32558256483	12024.594923726963	11585.402526479524	12729.765517674765	13009.61206881794	12360.855273337018
HEME-BIOSYNTHESIS-II	heme biosynthesis I (aerobic)	15162.447025330788	15285.946878557706	14447.093696316908	14596.23224745011	14126.187306960754	13120.66264457936	14233.407354304749	14409.560276374135	14560.106635697404	13811.984485604646
HEMESYN2-PWY	heme biosynthesis II (anaerobic)	12984.695192016934	14098.38426180108	14408.837216250102	13911.197546636136	13900.330611804482	11899.244238056128	13917.991277808438	12344.618714750974	11604.403328908274	11718.447838134269
HISDEG-PWY	L-histidine degradation I	3586.06381496447	3713.041541166057	4002.77117195572	3606.383217295361	3762.957094797449	3137.8613384114765	4360.04345923462	2953.193033470048	2639.51709639589	2634.186934292667
HISTSYN-PWY	L-histidine biosynthesis	14806.176653704844	15071.108112043672	14272.727910535266	14352.4106877918	14022.754981626234	12900.07020485891	14194.563934999152	14016.845608224832	14100.832851150211	13434.80749723035
HOMOSER-METSYN-PWY	L-methionine biosynthesis I	2949.195960601643	4198.190020894582	5312.844538646897	4954.232543479142	5169.449251001137	5537.775288629563	4737.891265439288	4231.42948117625	3869.395426095575	3805.544664380197
HSERMETANA-PWY	L-methionine biosynthesis III	13979.806810412158	14899.08773058464	14568.998170499226	14645.599536601843	14494.106182753403	12890.24000252584	13452.698313304416	14204.151534363364	14029.732162635686	13574.156361908425
ILEUSYN-PWY	L-isoleucine biosynthesis I (from threonine)	26926.0389875918	27851.97231905953	27804.95337574465	27782.0372822052	27617.04004057254	23592.236088752838	26293.17757616421	27040.93564929156	26163.172109188134	25010.409142260127
KDO-NAGLIPASYN-PWY	superpathway of (Kdo)2-lipid A biosynthesis	8153.48382989722	7738.559381303109	7746.663458902467	7879.275583807712	8056.557512691696	6782.126256391859	5540.811881672482	8193.783456544137	7855.777132935252	7880.50351161703
LEU-DEG2-PWY	L-leucine degradation I	7009.648481622291	8996.988028618245	10394.981355925072	9637.037706252053	9893.39130160244	7597.634526861871	9388.130794305438	7613.733168684235	6999.760611295539	6916.4399818569045
MET-SAM-PWY	superpathway of S-adenosyl-L-methionine biosynthesis	5296.180885686294	6931.291115408663	8056.751246712207	7711.708283288935	7833.234525229232	8163.045864370197	7267.96684115982	6818.101629966225	6430.113041332961	6259.589247970651
METHYLGALLATE-DEGRADATION-PWY	methylgallate degradation	450.64100870156096	684.6590933386301	553.3331880966713	593.8285937262983	601.1365019738787	199.43732029416893	406.8422080874038	439.54007785042137	425.8630655347792	379.02231644414337
NADSYN-PWY	NAD biosynthesis II (from tryptophan)	2879.8851505704315	2587.889501939607	2579.1422283854376	2468.2951216579954	2528.025813476063	2186.464059138386	3182.028539389736	2381.638552029445	1866.2401073341848	1872.406795445189
NAGLIPASYN-PWY	lipid IVA biosynthesis	15212.4483468099	15132.823727029292	14539.993683968803	14621.38904106717	14290.80917158249	13154.085095914075	14131.906258995794	14284.601492612772	13562.948284733904	12904.37021249001
NONMEVIPP-PWY	methylerythritol phosphate pathway I	14114.903919245153	14617.057706614203	14118.141882767304	14399.850658980144	13844.689263027549	12847.641704547572	12799.33137029598	14181.39240626302	14579.527040370303	13843.353100826434
NONOXIPENT-PWY	pentose phosphate pathway (non-oxidative branch)	20901.678888852188	20284.445970305056	18805.499759254864	19291.074340760708	18507.105561118497	18838.23709344938	19324.727270980857	19706.64200442676	19673.93190847544	18561.829900614477
OANTIGEN-PWY	O-antigen building blocks biosynthesis (E. coli)	10979.0855150406	11351.721804381174	10912.747005346228	10664.020765766229	10698.438150806456	8580.87158334069	10548.532256492776	10317.706994194736	10563.772786917125	10708.76360672502
P101-PWY	ectoine biosynthesis	1600.7278392133876	2146.051757118565	2189.0861438823918	1901.8872721970847	1625.843616406664	367.3511965542172	683.2277130942471	772.3243738213743	1030.2997566120948	800.8783459411613
P105-PWY	TCA cycle IV (2-oxoglutarate decarboxylase)	14493.75566974483	14974.655254948944	15110.72060546127	14899.889451709772	14940.78384840053	13460.871334473251	14518.514566475737	14297.045009218707	13889.259260437137	13679.867457199793
P108-PWY	pyruvate fermentation to propanoate I	8701.596467871293	9902.122297057478	11058.361324583106	10589.759688124734	10847.71818910812	7569.778027372453	11068.529880446957	9171.570262821291	8063.636724514161	8402.054668627015
P122-PWY	heterolactic fermentation	0.0	37.11804995056218	4.686926703014008	16.272238345307205	20.944131296296742	682.7435288672082	919.2331782935904	551.1555603377493	772.573943221132	1074.7766949135048
P124-PWY	Bifidobacterium shunt	0.0	42.37179163998312	5.356348366480974	18.59213185300087	23.92307710921163	4903.554741644194	2594.817391876395	612.5153522510686	1017.4423663258872	1261.575962770856
P125-PWY	superpathway of (R,R)-butanediol biosynthesis	61.18648632266221	101.96429036259904	185.8811689708812	140.3321412991751	315.2523559419999	76.7765800553098	286.49306616801545	137.93107491856676	97.16544077367156	157.1050030999513
P161-PWY	acetylene degradation	816.8551921451331	1250.545153236309	1178.427796458632	1169.440623149311	1459.3832460732986	444.8173896772578	1112.4657223188824	923.8194887663992	836.8023693811674	859.0275508271731
P184-PWY	protocatechuate degradation I (meta-cleavage pathway)	459.6934947049924	698.9249182740916	564.5445543224372	605.983894986708	613.4774726807129	203.21938169303144	415.11129152438303	448.3496386039788	434.4037585465398	386.5295947738614
P221-PWY	octane oxidation	4870.994183564207	6884.317108495257	7833.276206804032	7068.241690954855	8090.505989793776	4205.1276508871815	6858.269127165213	5695.424849949323	4875.441102869499	4679.3899532364585
P23-PWY	reductive TCA cycle I	1747.6031326675702	1895.083837750565	1737.4356556940977	1811.352609599559	1568.6577217857448	1263.1816198083402	2033.9499204025367	1825.503590463284	1038.1306061206467	1052.164391650921
P261-PWY	coenzyme M biosynthesis I	251.7250954529677	444.651433783406	662.9476892649217	664.5271307561377	577.9505267204211	399.2943472258215	629.120918104901	534.398912174385	364.3718349114709	398.5738926907435
P4-PWY	superpathway of L-lysine, L-threonine and L-methionine biosynthesis I	8793.594160516397	10570.610732151214	11341.043540052926	11090.21299920141	11031.47247743236	11185.567280407751	10731.874506164691	10251.358592545505	9940.362504164785	9616.373186384808
P42-PWY	incomplete reductive TCA cycle	1912.692474029473	1937.4205104114096	2961.49826601297	2747.353658149181	4025.8900251907535	1704.251730772916	3417.058485449204	2570.715552509359	2373.83845667937	3085.137796465926
P562-PWY	myo-inositol degradation I	1747.7587745303151	2615.23194733063	3278.1869920523304	3110.147838196126	3212.5696646709835	1744.8972464336205	2336.63907307189	2492.36262003137	2267.3840050930944	2037.5529325606192
PANTO-PWY	phosphopantothenate biosynthesis I	15447.18837676202	15520.35262841142	14526.842260693202	14701.012361062503	14110.342196666632	13216.979999839175	13925.482972856167	14286.289367857227	13840.471353910612	13010.179501472663
PANTOSYN-PWY	pantothenate and coenzyme A biosynthesis I	11092.982661786467	11271.025363910729	11689.59224609897	11158.03656628349	10861.400670882596	8408.671176478205	9874.926429410416	9496.385499912243	8997.383810610223	9079.603662290969
PENTOSE-P-PWY	pentose phosphate pathway	6396.309682849631	7724.21903778813	8235.686574521505	7719.92123068436	7970.55364472689	7334.259440110841	8457.142096085761	6673.201298566727	5788.509249227259	6047.073459205545
PEPTIDOGLYCANSYN-PWY	peptidoglycan biosynthesis I (meso-diaminopimelate containing)	15368.45029181491	15436.110672569606	14577.400376319198	14730.41887341205	14315.23516320825	13310.195166642658	14341.472411859892	14554.467864845585	14706.050533210131	14067.167291774998
PHOSLIPSYN-PWY	superpathway of phospholipid biosynthesis I (bacteria)	17298.50191379591	17566.70459366243	16817.135602553608	16879.79883836809	16598.175510425932	15221.345649712384	16458.84574555589	16616.57866871108	16630.989538545295	15832.409031694237
POLYAMINSYN3-PWY	superpathway of polyamine biosynthesis II	1703.694254927991	2448.163455727134	2746.7452393969334	2594.692143880295	2238.8510000643664	1882.800920870168	2077.878150813501	1681.4913350398797	1752.9433494074597	1638.111407602244
POLYAMSYN-PWY	superpathway of polyamine biosynthesis I	2389.472738724845	3030.5448608901265	3150.9133680078626	2960.6841694464497	2460.1046776249414	3240.6901572461347	2326.2729174950296	1861.114993229948	1969.8344128163792	1953.8504163378736
POLYISOPRENSYN-PWY	polyisoprenoid biosynthesis (E. coli)	17093.145020110755	17441.38839631082	16744.571242239064	16856.802044376756	16551.05601616925	14806.43460615894	15788.516245850047	16577.61122129807	16499.826653505417	15730.29877210786
PPGPPMET-PWY	ppGpp biosynthesis	10403.965170702448	10877.779643035168	10420.169923852029	10616.004151987096	10329.88693205016	10270.698452636168	10609.823659839678	10461.563159946802	10758.51653971269	9907.135266806516
PROTOCATECHUATE-ORTHO-CLEAVAGE-PWY	protocatechuate degradation II (ortho-cleavage pathway)	2105.1107328615167	3431.3000940081142	4511.676855152192	4070.023730871774	4330.839843134781	2121.283055946151	3409.098318175894	2949.294017962735	2574.310332056528	2519.2930543280045
PWY-1269	CMP-3-deoxy-D-manno-octulosonate biosynthesis I	15908.067817974345	15844.069573501942	15106.534291628255	15255.664703643895	14800.978443570204	13677.618441286791	14394.993853472382	15244.26525803034	15445.830043975093	14763.739593590744
PWY-1541	superpathway of taurine degradation	4992.016270447475	5894.063026842915	6434.466005982744	6355.66719575449	6523.566087590097	4492.919224812946	5355.414178831583	5975.884224099515	5698.91896675637	5546.969248159472
PWY-1622	formaldehyde assimilation I (serine pathway)	3908.920660393964	5713.436584286565	5944.528970700232	5925.295311880479	6307.299706294865	3993.232954221394	4452.116154132947	5197.525884262873	4820.72668252543	4432.885200357972
PWY-181	photorespiration	8072.389188745545	9321.152670524623	8917.848434651254	8789.797125404704	8327.370095029712	7523.860165526946	7273.824169963468	6941.408582378822	7434.565048515783	6904.065548436
PWY-1861	formaldehyde assimilation II (RuMP Cycle)	1127.8245502484372	1248.546445071944	1491.185655670159	1374.6643137496196	1088.9780250383412	1071.3547930486795	1298.7175823290584	1179.5942928404656	1376.958346358747	1832.220167651432
PWY-2942	L-lysine biosynthesis III	17644.548220564793	17666.262886000837	16776.237943052394	16887.92085407583	16450.21648957224	16642.135481860685	17091.92338319519	16818.51497793175	16934.127185299927	16233.291418267814
PWY-3001	superpathway of L-isoleucine biosynthesis I	18975.57612104211	19039.602794389943	18185.52599198637	18287.19766172385	17820.21059548685	17116.184797517253	18412.651258613765	18094.6898627896	18056.06425662044	17221.145484301614
PWY-3661	glycine betaine degradation I	13474.998320769104	12401.924993514927	9956.506662478663	11106.5559443745	10095.959681372706	11063.06267417814	10672.31878233272	12695.384523925792	13610.397944737437	12392.564388075616
PWY-3781	aerobic respiration I (cytochrome c)	43689.1241808929	43571.14118830095	41005.70471517719	41504.60409410036	40712.42317632299	39805.72108368656	41098.16454804357	41968.39468212196	42208.78942209521	40698.96973643239
PWY-3941	&beta;-alanine biosynthesis II	115.51879807935016	180.10746436863286	310.8178523544846	244.9132833482381	427.5651921001657	138.29950339551618	410.676690417538	242.7464970651261	181.46492762779928	287.90226488436105
PWY-4984	urea cycle	2857.0796802294826	4680.1107913419055	5647.0750048304735	5327.110429101004	5545.328386552722	3086.2319235316245	4659.001613792549	4068.9771553209816	3489.921189708428	3142.819292865125
PWY-5022	4-aminobutanoate degradation V	634.1233985165205	1252.0244844865863	1931.346399553433	1718.066569528558	2000.876274944568	1001.1678957184972	1542.8819714584365	1263.2052813580635	1108.5095526834862	965.821963369211
PWY-5028	L-histidine degradation II	2222.458661156358	3066.839244095792	3672.694822215242	3313.471870613749	3483.592825284852	2113.4081950948307	3288.5386900444664	2566.0861250000853	2280.4621099232854	2229.068929771243
PWY-5097	L-lysine biosynthesis VI	17401.485115898802	17413.756836669232	16530.099178628006	16659.388816741444	16220.74922630164	16143.831342990989	16695.903016993558	16565.832770285928	16682.73906931367	16011.826000225106
PWY-5100	pyruvate fermentation to acetate and lactate II	1076.1906079016107	999.4374321094832	682.6653832512158	741.405743581141	541.7581448183844	543.5751312722958	785.8196813445722	752.6875124575546	382.2875556104858	575.1639132189372
PWY-5101	L-isoleucine biosynthesis II	27896.97967955193	28754.806768357805	28593.36818161085	28578.8911139325	28406.50602511563	24435.558575223364	27050.418496413597	27868.815205318315	27114.24696896204	25879.83879126456
PWY-5103	L-isoleucine biosynthesis III	21744.799366330157	21999.04488360927	21389.6224379532	21441.64701735829	21178.44532877045	18862.73949066269	20360.97716979304	21193.528848739443	21023.78609769177	20045.4727306049
PWY-5104	L-isoleucine biosynthesis IV	16273.129057630367	16698.696025998255	15955.776884415238	16214.308805956258	15863.616750751413	14902.543221992732	15447.47822212532	16235.419679573626	16954.69959181006	15746.57295307728
PWY-5121	superpathway of geranylgeranyl diphosphate biosynthesis II (via MEP)	12878.057383898244	13623.036516205626	13519.699050110385	13544.345300431323	13142.406270549734	10973.88737019882	11883.5504015134	12743.277763543072	12570.02275195775	12003.84248823132
PWY-5154	L-arginine biosynthesis III (via N-acetyl-L-citrulline)	14732.1862726806	15033.762889936055	14279.19582701261	14294.761013547826	14102.861526844685	12993.87627579142	14251.5373370752	14011.613316778445	14212.490744748287	13343.404736010796
PWY-5180	toluene degradation I (aerobic) (via o-cresol)	1949.2764661821643	2302.6136146551244	2232.1654508808588	2246.2716106087537	2532.943528640202	1586.783965353696	1732.5190342682154	2220.374275109484	1994.6402813330783	1998.5551322702388
PWY-5182	toluene degradation II (aerobic) (via 4-methylcatechol)	1949.2764661821643	2302.6136146551244	2232.1654508808588	2246.2716106087537	2532.943528640202	1586.783965353696	1732.5190342682154	2220.374275109484	1994.6402813330783	1998.5551322702388
PWY-5188	tetrapyrrole biosynthesis I (from glutamate)	12404.73818144996	12501.443402738429	12338.990261750636	12198.393476779054	12125.476525818043	11745.39168585179	11723.556575167906	11917.295706355007	11396.0337681458	11275.00108195873
PWY-5189	tetrapyrrole biosynthesis II (from glycine)	14920.453846885372	15150.607480303535	14341.283695394664	14485.04398479591	14081.003439477929	13107.12937619486	14373.678367986962	14265.484463087974	14345.09416815522	13639.39255657563
PWY-5304	superpathway of sulfur oxidation (Acidianus ambivalens)	13851.999999999998	11720.0	8238.0	9770.0	8746.0	11256.0	10512.0	12490.0	14206.0	12608.000000000002
PWY-5345	superpathway of L-methionine biosynthesis (by sulfhydrylation)	10624.187961726426	11838.108078710866	12051.357161920763	11819.547934981952	11653.335520137807	10593.28620132141	11141.431856259458	10481.62183564498	10326.46369808488	9981.7185812458
PWY-5347	superpathway of L-methionine biosynthesis (transsulfuration)	5620.70389101027	7408.296128428684	8634.548854800036	8237.441642878628	8410.240444083938	8930.474073177473	8123.864454996118	7328.039684926555	6852.427573100333	6684.247245367844
PWY-5384	sucrose degradation IV (sucrose phosphorylase)	3093.74793775778	4049.6361656561658	4016.184405552922	3711.8551843491273	3468.98463560093	3685.5245875837854	3184.1404462751566	2382.189840233467	2843.054075689968	2924.280478045724
PWY-5415	catechol degradation I (meta-cleavage pathway)	801.6717755416587	1168.0642108273516	1113.5743471473313	1107.6268327642915	1340.197309736448	469.45397138177	1000.703846785264	910.2241015418188	821.9118251271199	834.9528943054164
PWY-5419	catechol degradation to 2-oxopent-4-enoate II	1067.0090410502444	1227.2951380133618	1136.865318542047	1189.890111352655	1104.1647148635022	497.2204719849722	780.0514512808264	736.5234774012852	895.0399235265352	819.3690507565846
PWY-5420	catechol degradation II (meta-cleavage pathway)	1111.4226376015392	1307.7729452095914	1147.105188252068	1187.8864129844912	1192.1006597543033	581.8814456837443	874.6506331398292	860.6545838353811	812.6763928006757	803.6864530062068
PWY-5484	glycolysis II (from fructose 6-phosphate)	10826.053722841987	11207.44922560152	10480.505979358151	10792.977821549472	10342.723197421805	8814.71201728116	9996.602038091549	10400.14905418826	9888.448145692611	9719.481668912467
PWY-5505	L-glutamate and L-glutamine biosynthesis	6777.324466513405	5772.630558127015	5605.158720604798	5467.46065632021	5789.682835710507	6979.915597681957	8001.45146209078	6383.352524511129	5662.461912520205	5551.57869481055
PWY-5509	adenosylcobalamin biosynthesis from cobyrinate a,c-diamide I	1839.6210281154792	2475.6821503523165	2657.853398223386	2351.2507521963184	2165.95749492136	777.9096218672447	1211.3920213217264	1301.7913052651857	1466.03374699991	1271.5582134244698
PWY-5531	chlorophyllide a biosynthesis II (anaerobic)	1847.0159540739755	3177.5284201014565	3876.706261134897	3673.620043114444	3633.954858812581	1837.0678531782037	2832.2273727844345	2353.3868848712336	2130.9433262742723	1713.3068222998318
PWY-5647	2-nitrobenzoate degradation I	862.5382944561125	809.7431462519685	778.1074103440601	804.342526663813	661.0904781270345	477.3592189632125	771.0238434926985	647.4819537642486	521.8397511046128	568.0625960527765
PWY-5651	L-tryptophan degradation to 2-amino-3-carboxymuconate semialdehyde	2178.8896312042066	1893.995406178928	1890.221165680687	1806.301738887004	1861.9961225774853	1665.174638447619	2682.946418276089	1765.6091292394954	1339.126295184887	1342.4687613410254
PWY-5654	2-amino-3-carboxymuconate semialdehyde degradation to 2-oxopentenoate	769.0456867910458	741.5430586740193	720.3980831982559	758.6014578027296	604.1607778868962	418.47388966247	666.7019574425278	596.6682338464176	502.96618090189247	550.7073906957909
PWY-5655	L-tryptophan degradation IX	1141.285739530669	1148.7058119157953	1094.744599372627	1100.072033981108	1045.447180985176	606.9270685939292	1080.2184244413625	932.7229826311126	786.4033337573842	835.3875370391388
PWY-5659	GDP-mannose biosynthesis	15338.281059376051	14766.15846356145	13949.725496956247	14260.959888360803	13793.514362737262	12720.164260664043	13492.695099216036	14306.707827482804	13882.120546525275	13167.736158023754
PWY-5667	CDP-diacylglycerol biosynthesis I	18554.88663956361	18932.832069569173	18270.982646749395	18277.66751699961	18085.708466224565	16396.30129805429	17536.240726275864	18022.579354929312	17804.382222213724	17033.902759964247
PWY-5676	acetyl-CoA fermentation to butanoate II	705.5059568580825	1069.1314899876895	1021.1918451846268	1005.4268590408194	1239.9889422376637	394.357244154377	955.7042673028824	788.0630205325832	711.3288235065315	729.4278697311444
PWY-5686	UMP biosynthesis	18083.508555193388	18158.97602757775	17130.066306480796	17321.345468137544	16946.260622830676	15636.313426800018	17018.79376143584	17278.643119616205	17391.61651481095	16544.51430262278
PWY-5695	urate biosynthesis/inosine 5'-phosphate degradation	9413.57558060777	11867.587492592867	12898.566776514304	12256.984585327094	12161.446429680189	10168.83635749798	10698.446605436362	10129.092779155606	10639.288677694269	10428.489145598349
PWY-5705	allantoin degradation to glyoxylate III	268.78980210896265	288.3579819431016	495.3346014873578	472.48438536831134	310.4956921880537	1584.3880135581464	1069.4010224927376	490.0309188361847	628.6409477742338	838.629642141509
PWY-5741	ethylmalonyl-CoA pathway	2266.6300215991964	3429.9591486311733	4412.126779626063	3960.021685785807	4325.571344489564	2179.845605361153	3278.0507879995043	2969.191202222109	2683.108152578532	2505.84976940408
PWY-5747	2-methylcitrate cycle II	9708.747049717029	9162.09882915075	7618.118835755441	8196.50673439757	7334.135812426532	8980.502887828035	7730.300326823718	8741.146608690586	9810.678666133612	8893.548967321456
PWY-5837	1,4-dihydroxy-2-naphthoate biosynthesis I	804.4794605702358	693.6436559998424	848.6615898561297	946.6255000439796	878.3953997900053	680.1865894182437	694.3777295540181	882.2443961316585	879.0186637939561	990.545474258614
PWY-5838	superpathway of menaquinol-8 biosynthesis I	2075.602064895688	1859.0569290199885	2172.870442140617	2310.87625340192	2188.4301751042717	1646.527206605623	1869.3860323500187	2051.4805929260065	1967.2986708692224	2148.59405156123
PWY-5840	superpathway of menaquinol-7 biosynthesis	1119.351562364926	1208.742913133392	1066.4082645329092	966.1158795654932	1013.6572090253142	1072.6417220864732	1197.9396347398088	979.2593473922634	1108.814618237216	1243.1167368701556
PWY-5855	ubiquinol-7 biosynthesis (prokaryotic)	14337.655539473397	14483.654187520207	13542.88471561278	13754.28209246745	13376.347364912244	12473.396732598572	12678.6494154644	13663.63259860846	13973.557738791766	13255.17402812713
PWY-5856	ubiquinol-9 biosynthesis (prokaryotic)	14337.655539473397	14483.654187520207	13542.88471561278	13754.28209246745	13376.347364912244	12473.396732598572	12678.6494154644	13663.63259860846	13973.557738791766	13255.17402812713
PWY-5857	ubiquinol-10 biosynthesis (prokaryotic)	14337.655539473397	14483.654187520207	13542.88471561278	13754.28209246745	13376.347364912244	12473.396732598572	12678.6494154644	13663.63259860846	13973.557738791766	13255.17402812713
PWY-5861	superpathway of demethylmenaquinol-8 biosynthesis	1445.2296172235629	1288.5698056089054	1520.0980363406825	1620.788058486707	1532.5214086250176	1142.338203696204	1300.8439673249354	1430.269390085911	1368.8217079547746	1504.0800353936004
PWY-5863	superpathway of phylloquinol biosynthesis	906.7385719435184	784.2543999963366	958.0120636119664	1066.4918445655785	990.4613147468403	765.2436486184586	783.5544235364719	992.5226023988888	987.4143622842136	1109.5482743221112
PWY-5897	superpathway of menaquinol-11 biosynthesis	1882.9743575936811	1679.2786422737463	1973.6039314596296	2109.0128858341955	1993.1182135800595	1502.2628884580329	1688.631557307788	1879.443309326216	1807.9578260587705	1981.110399535221
PWY-5898	superpathway of menaquinol-12 biosynthesis	1882.9743575936811	1679.2786422737463	1973.6039314596296	2109.0128858341955	1993.1182135800595	1502.2628884580329	1688.631557307788	1879.443309326216	1807.9578260587705	1981.110399535221
PWY-5899	superpathway of menaquinol-13 biosynthesis	1882.9743575936811	1679.2786422737463	1973.6039314596296	2109.0128858341955	1993.1182135800595	1502.2628884580329	1688.631557307788	1879.443309326216	1807.9578260587705	1981.110399535221
PWY-5913	TCA cycle VI (obligate autotrophs)	12439.631650251144	11529.83183354106	10325.19051333902	10637.981642977897	9909.748379127692	11033.337456769408	11326.410224834506	10598.405035854194	10177.562861297713	9215.01722061443
PWY-5918	superpathay of heme biosynthesis from glutamate	12011.98030964146	12172.469805473818	11979.619728616795	11845.23352649402	11667.428115243418	11416.907335674818	11544.766579190977	11457.72600242908	11049.415847839577	10864.32092324518
PWY-5920	superpathway of heme biosynthesis from glycine	8790.136699599863	11308.202885797658	12040.303049368384	11726.958420600047	11732.550814901007	8174.864235281971	10560.783777791978	9924.943879757564	9439.917790053163	8917.212037097233
PWY-5941	glycogen degradation II (eukaryotic)	0.0	38.619624398591846	5.264036140724403	17.535327068015643	22.002453864068286	1698.5863053920182	768.8603371246384	279.20643118395583	291.96944840454205	364.6291337745267
PWY-5973	cis-vaccenate biosynthesis	16395.847737644206	17413.184566012358	18369.582598343368	17701.13872416576	18078.87031496373	17762.882905510036	17546.170885875108	16742.288517646382	15697.25613778514	16027.18313577381
PWY-5989	stearate biosynthesis II (bacteria and plants)	20990.118274897457	21629.243401190924	20873.716569487813	21003.458607310196	20560.899002218022	20000.42471066906	19863.173571214586	20574.533431661715	20870.95603600901	20071.0460477602
PWY-6121	5-aminoimidazole ribonucleotide biosynthesis I	20798.352593578617	20527.62715199001	19277.37906968148	19718.16744761012	19029.35137239192	17991.71195472444	18747.956780576	19832.67667934619	19881.98878507492	18668.12723417977
PWY-6122	5-aminoimidazole ribonucleotide biosynthesis II	20233.272858424916	20029.874693931844	18873.552201830684	19281.89398772882	18704.294713670264	17718.005760272103	18471.529221911496	19459.582817778217	19538.608585093665	18414.98766260649
PWY-6123	inosine-5'-phosphate biosynthesis I	15538.581412480677	15601.028970785565	14760.671918492608	14916.188951595635	14491.974219492417	13862.656920831554	14604.269546547524	14844.91424894294	14959.160725006506	14311.404867835096
PWY-6125	superpathway of guanosine nucleotides de novo biosynthesis II	17516.322163323286	17524.370549244555	16628.014983294477	16806.884781522658	16376.584711655982	15152.825817347311	16136.465183739148	16522.819947399636	16180.860768992115	15332.192042450031
PWY-6126	superpathway of adenosine nucleotides de novo biosynthesis II	19122.315143563694	19141.616131430663	18129.763140177314	18326.29862430856	17879.058185625105	16784.060920601816	17643.87195009945	18268.6352582522	18327.9271804896	17626.452645585494
PWY-6147	6-hydroxymethyl-dihydropterin diphosphate biosynthesis I	16024.75671529093	16140.48197333149	15275.797957579987	15413.985967769102	15168.594828779804	14370.9142325447	14987.492636675426	15256.766354946394	15405.52747265277	14912.374431364467
PWY-6151	S-adenosyl-L-methionine cycle I	6084.983773042625	6725.791102027332	6984.885648775144	6993.191745034206	6671.223194469391	6186.553974569249	5534.898607838433	6191.642585267544	6193.853729077221	5793.240290462322
PWY-6163	chorismate biosynthesis from 3-dehydroquinate	17735.557324357447	17541.501977448395	16340.233522649913	16663.066604000527	16114.748403204623	15195.288376720951	16072.199471754151	16725.046681723663	16784.355893914144	15852.12243950421
PWY-621	sucrose degradation III (sucrose invertase)	2480.8987178876127	3057.7171621691605	2796.3547707230955	2511.8845735790874	2088.361441973226	3304.50311452269	2163.507512730367	1452.1323790670524	1853.7169967786235	1731.959054676389
PWY-6210	2-aminophenol degradation	640.801023943373	505.3865214719467	343.09046875353664	358.4819659183238	297.2779332020861	297.4433580641065	523.0752368264147	303.2978311482334	149.04897651036367	192.5102315051152
PWY-6269	adenosylcobalamin salvage from cobinamide II	1834.181452650406	2463.2046049809755	2638.888258825242	2333.884951866291	2146.4674903955697	766.2134724733576	1196.2418073110523	1288.011994178006	1452.674271571033	1259.290757536432
PWY-6277	superpathway of 5-aminoimidazole ribonucleotide biosynthesis	20233.272858424916	20029.874693931844	18873.552201830684	19281.89398772882	18704.294713670264	17718.005760272103	18471.529221911496	19459.582817778217	19538.608585093665	18414.98766260649
PWY-6282	palmitoleate biosynthesis I (from (5Z)-dodec-5-enoate)	22385.84159962909	22800.30075297674	21740.306906589893	22000.757550217197	21380.68514716133	21410.591163409063	20820.36810972644	21710.470833192583	22181.99115831232	21246.266073247018
PWY-6317	galactose degradation I (Leloir pathway)	2563.551799709968	2482.6620157526863	2311.5445732474827	2050.5044228972483	2340.556177452528	3657.9563870468455	4066.3642848371287	2190.6600130221377	1660.9137833194568	1729.8008470239126
PWY-6338	superpathway of vanillin and vanillate degradation	444.880462126153	676.6071420736478	546.3910554019251	586.5470401457295	593.8146366603677	196.5817703140511	401.77326263412994	433.894214066708	420.4000611407597	374.0317834075649
PWY-6353	purine nucleotides degradation II (aerobic)	5358.216191469656	6658.101184519969	7494.767706930901	6871.108959301588	7037.925441934211	6160.316659536376	6846.494136098597	5427.22278540881	5080.042653067007	4795.043579248937
PWY-6385	peptidoglycan biosynthesis III (mycobacteria)	10566.210998345088	11574.504162417565	11510.700860505918	11129.752759211478	11040.54762807024	9838.037678191107	11375.912568211284	9713.909829516357	9157.135658704034	8728.108445716949
PWY-6386	UDP-N-acetylmuramoyl-pentapeptide biosynthesis II (lysine-containing)	10484.214417911617	11513.090953948024	11487.417977678331	11091.318823376578	11004.006803666436	9780.274181009532	11322.298196368516	9639.177217093067	9063.062264743572	8645.6796993777
PWY-6387	UDP-N-acetylmuramoyl-pentapeptide biosynthesis I (meso-diaminopimelate containing)	15056.891537332567	15162.377774361385	14307.985769206023	14449.718174203315	14019.499528019776	13054.950816159586	14170.004025578091	14232.71397019419	14408.69805738461	13748.23580252198
PWY-6396	superpathway of 2,3-butanediol biosynthesis	133.89817014161864	220.4284675677857	394.29188397734464	301.0379329819531	655.4549596335487	166.96470760581724	575.8971179193251	297.53939450969585	210.9364934494832	336.8838494621987
PWY-6467	Kdo transfer to lipid IVA III (Chlamydia)	18301.0	19872.33	20003.67	19835.33	19537.0	16105.67	18234.67	18426.000000000004	18185.33	17132.33
PWY-6478	GDP-D-glycero-&alpha;-D-manno-heptose biosynthesis	1227.289825731727	1552.9823736700805	1759.442187725406	1778.5887628087685	1469.9469915494992	722.6300482882923	1229.2767368931482	1347.316059451672	1385.7898801014342	1684.9908301944463
PWY-6505	L-tryptophan degradation XII (Geobacillus)	928.7702729318612	872.46654834521	687.8805707340468	703.4267529607765	616.4481805277202	510.1625736870507	885.8320702730398	603.1750393150309	343.86690483301777	428.963752127416
PWY-6507	4-deoxy-L-threo-hex-4-enopyranuronate degradation	335.4927760204414	511.744848507464	679.0346294915621	515.7692551938671	730.8833523028379	415.88588569173766	439.7484909628974	542.8125479315069	295.19182727813217	457.7821952725078
PWY-6519	8-amino-7-oxononanoate biosynthesis I	9408.68421783432	10464.666882886408	10429.295306395834	10101.074226285433	9967.64424002592	10169.873751582025	8767.98124567347	8830.675402777822	8642.735041250953	8878.971968522828
PWY-6545	pyrimidine deoxyribonucleotides de novo biosynthesis III	14454.895218878675	14292.98128131374	13037.165534945834	13472.901786137414	13063.749225781425	12206.94732582872	12911.779996836924	13879.335567241467	14208.713007471424	13248.768933653995
PWY-6581	spirilloxanthin and 2,2'-diketo-spirilloxanthin biosynthesis	957.0	1716.0	2145.0	2022.0	1999.0	962.0	1510.0	1246.0	1126.0	894.0
PWY-6588	pyruvate fermentation to acetone	97.83051485246092	157.65683183429277	255.0154295812709	203.78068561740423	359.0247430217136	115.05129800949912	371.5446521474966	201.59603590927856	133.6190695588278	192.59506774147147
PWY-6608	guanosine nucleotides degradation III	5632.969408522737	6532.084896038576	7326.514660182468	6679.449018060973	7009.54002800312	6486.140799876576	7917.3771411941425	5456.632226170409	4783.502556208584	4582.578083554372
PWY-6609	adenine and adenosine salvage III	3815.420797907129	4621.204095505183	5300.320215673609	4810.837155330791	5025.041313368212	3782.789370064284	5119.381348773881	3852.4288917738695	3261.4355938979797	3108.224238215182
PWY-6612	superpathway of tetrahydrofolate biosynthesis	9947.946733042443	10558.25677605491	10281.106710444872	10079.679859478478	9802.166288837609	9382.629439808114	9251.23003505444	9058.76206317728	8902.443543712378	8854.986112500375
PWY-6628	superpathway of L-phenylalanine biosynthesis	7655.972246888295	10438.623847322866	11318.068886706438	10968.045261498468	11165.923362989202	7554.225989152557	9810.71856060558	9372.343520422635	8660.533999058545	7918.406382861299
PWY-6630	superpathway of L-tyrosine biosynthesis	7495.140373876243	10112.353715939262	10895.241098457427	10579.714570445	10778.07034853236	7405.079429766215	9552.11615964322	9131.009968968649	8454.685603716314	7746.671759474012
PWY-6641	superpathway of sulfolactate degradation	5504.759239449811	6589.811780481804	7410.198084743149	7044.020647886017	7301.608865538562	4876.069631294839	6245.7981866237205	6178.638366643779	6043.964297077745	5792.547683046449
PWY-6700	queuosine biosynthesis	7811.425820490667	9093.270417773218	9999.730681794708	9422.18428604595	9475.588646749176	7471.35038063565	9174.406895116415	7734.32552463959	7409.462303829892	7554.8684470554845
PWY-6703	preQ0 biosynthesis	5155.037510429087	5531.162264457294	5481.419079400857	5207.792869143692	5349.369974644537	4841.866289293442	4573.332386826953	4564.1506482012455	4233.839258991706	4582.074283869473
PWY-6708	ubiquinol-8 biosynthesis (prokaryotic)	14337.655539473397	14483.654187520207	13542.88471561278	13754.28209246745	13376.347364912244	12473.396732598572	12678.6494154644	13663.63259860846	13973.557738791766	13255.17402812713
PWY-6737	starch degradation V	730.6830089871393	823.7576711261706	696.8392243519237	614.4747490241699	707.3191095637183	2575.729948420479	1335.9980319980584	736.5458018058547	699.0261552288443	845.7549586012171
PWY-6749	CMP-legionaminate biosynthesis I	2127.8036137146305	2126.2273095649425	2181.1069367154605	2127.669347184855	1919.869401686395	1576.834949554601	1282.4072700642907	2327.7903780906595	2039.963756603696	1761.7162874116996
PWY-6876	isopropanol biosynthesis	97.83051485246092	157.65683183429277	255.0154295812709	203.78068561740423	359.0247430217136	115.05129800949912	371.5446521474966	201.59603590927856	133.6190695588278	192.59506774147147
PWY-6891	thiazole biosynthesis II (Bacillus)	836.9652301077112	1258.08689003013	1011.5943529070496	1087.929096770226	1100.1961338120432	3090.258461898315	1779.2597716916655	1003.449236990129	1145.0696570739085	1164.2407914732814
PWY-6892	thiazole biosynthesis I (E. coli)	1031.8092691812587	1540.0462378083612	1241.2246204958249	1333.644536342092	1347.7341496233153	3655.547859652844	2153.3312446707464	1232.6972983929204	1404.075136847909	1425.5874133282502
PWY-6895	superpathway of thiamin diphosphate biosynthesis II	3172.171666625818	4226.717272364698	3534.8889080578856	3735.118591943717	3694.579530220496	6879.961959600529	4871.662553554247	3512.222077509085	3850.981761270776	3825.40854999112
PWY-6897	thiamin salvage II	12302.956264184157	11642.350216846022	10193.06108037921	10665.739038111084	9998.96970033851	11016.63947459226	10607.283472802896	11309.873747026624	11798.246769439244	10936.657550227248
PWY-6901	superpathway of glucose and xylose degradation	1156.5018228250076	1173.6707693852704	1187.6309486379394	1243.7877631911288	902.9840520303288	1406.2309643227502	1916.4674962018737	1522.3168192196292	1646.2096425538557	2152.1520274243344
PWY-6944	androstenedione degradation	92.78783956655882	154.45747772965908	270.08893998588474	209.62413063969632	428.6671029577074	110.75802497957278	376.7971640442172	199.90348113373904	143.44246452143958	221.95442488201428
PWY-6969	TCA cycle V (2-oxoglutarate:ferredoxin oxidoreductase)	14703.054692298369	15493.069854860849	15593.990760325614	15401.755839464256	15437.431794728554	13808.954323409258	14936.275570957068	14707.39348974724	14056.546421111392	13977.860317094272
PWY-7046	4-coumarate degradation (anaerobic)	1241.8997819145875	2132.1010985409025	2601.5309259853807	2441.5506509663223	2354.161802424719	1166.4006159971225	1854.7647280627327	1749.3358362936956	1598.2674913001745	1429.759085947151
PWY-7090	UDP-2,3-diacetamido-2,3-dideoxy-&alpha;-D-mannuronate biosynthesis	96.22675108824691	232.27694394962924	407.78025207190245	384.9601348621927	441.7979993800341	194.13974033387157	318.12074033064226	230.6244940670102	177.54109009770931	110.66626530202689
PWY-7094	fatty acid salvage	12520.1782214114	13662.729590905856	14853.919384279085	14258.250108406435	14360.068222640868	12710.274963921456	13173.31670471634	12841.464746126174	11919.272772577471	11840.82516194971
PWY-7097	vanillin and vanillate degradation I	444.8804621261529	676.6071420736478	546.3910554019251	586.5470401457295	593.8146366603677	196.5817703140511	401.77326263412994	433.8942140667079	420.4000611407597	374.0317834075649
PWY-7098	vanillin and vanillate degradation II	459.29470523153856	710.394963608167	590.3422816566671	629.2511691065719	642.2584440293299	213.56006056596428	435.4162064865321	464.3279192746108	445.59490999180025	393.6408125399416
PWY-7111	pyruvate fermentation to isobutanol (engineered)	29230.81430957384	29637.335879558847	29040.40796995378	29436.824950666352	28734.09514940297	26488.71460479448	27626.56165716924	29113.20700352477	29080.82812483357	27179.22448166157
PWY-7159	chlorophyllide a biosynthesis III (aerobic, light independent)	1847.0159540739755	3177.5284201014565	3876.706261134897	3673.620043114444	3633.954858812581	1837.0678531782037	2832.2273727844345	2353.3868848712336	2130.9433262742723	1713.3068222998318
PWY-7184	pyrimidine deoxyribonucleotides de novo biosynthesis I	13408.407801471332	13534.916783959432	13176.1864637516	13074.717600823724	12645.69605128797	11572.646651148409	12186.484692495918	12355.430511690178	11827.079461212588	11619.74391289863
PWY-7196	superpathway of pyrimidine ribonucleosides salvage	6513.565199661221	5878.948879409928	6006.308055311786	5822.927501468623	5868.21562318174	7627.335576022978	8140.031886673244	6161.618688265527	5407.708752887026	5464.775024466855
PWY-7197	pyrimidine deoxyribonucleotide phosphorylation	15772.202417435405	15778.211220062454	14910.307356832343	15058.492470944107	14695.434549034002	13687.800036243294	14558.437695752518	15048.622945452164	15084.284301188904	14528.917831502387
PWY-7199	pyrimidine deoxyribonucleosides salvage	4507.432903619633	5304.90780908639	6012.121963863441	5581.096672736785	5926.260356522569	5331.135135427516	6349.190173528129	4682.819467792976	3933.7083348304673	3826.175259417159
PWY-7200	superpathway of pyrimidine deoxyribonucleoside salvage	8139.791808292725	8932.520800129807	9469.457078102248	9126.418283851232	9311.20012966904	8445.098282669667	9327.152819379233	8208.19455065374	7332.562848043745	7133.881831562531
PWY-7208	superpathway of pyrimidine nucleobases salvage	17501.825152429374	17620.443161290663	16771.889176645465	16862.656688977542	16538.132695504195	15203.43513143576	16174.315236258271	16681.00876640836	16598.997301973744	16043.930527728156
PWY-7211	superpathway of pyrimidine deoxyribonucleotides de novo biosynthesis	15328.536469904137	15429.635150537257	14831.273839848898	14822.621274964848	14391.821201896331	13255.11234626426	14091.907256879573	14297.094822087964	13967.646984675504	13564.636291677947
PWY-7219	adenosine ribonucleotides de novo biosynthesis	18865.260088750496	18969.46508494316	18062.15151789971	18229.888072848164	17821.156718282942	16720.653932971527	17481.334125651443	18121.45359441178	18215.93644993157	17563.978984944308
PWY-7220	adenosine deoxyribonucleotides de novo biosynthesis II	19567.0469958421	19468.817645284977	18316.784858865456	18531.545953926536	18065.23924466533	16957.549786552474	17944.22511272744	18621.843920823005	18619.93538261048	17817.803639535432
PWY-7221	guanosine ribonucleotides de novo biosynthesis	16502.86263114843	16571.811049001764	16040.942895588789	16189.77920332221	15627.15254324371	14332.30112613881	15461.639141520513	15665.133028017372	15749.291531625777	14949.21199067518
PWY-7222	guanosine deoxyribonucleotides de novo biosynthesis II	19567.0469958421	19468.817645284977	18316.784858865456	18531.545953926536	18065.23924466533	16957.549786552474	17944.22511272744	18621.843920823005	18619.93538261048	17817.803639535432
PWY-7228	superpathway of guanosine nucleotides de novo biosynthesis I	18087.67639401929	18096.401250155443	17376.790082044085	17559.33821907556	16981.09784014683	15688.128502751337	16818.916079973973	17166.628244234274	17232.35186171689	16383.165278940578
PWY-7229	superpathway of adenosine nucleotides de novo biosynthesis I	19862.23280344004	19881.59301284906	18853.25130111476	19065.310626778417	18585.976927940417	17466.48940931815	18315.577050636857	18972.904332248083	19046.66396899309	18325.286708629203
PWY-7234	inosine-5'-phosphate biosynthesis III	14655.710919080282	14598.374413935908	14012.75703724821	14102.651126387129	13733.397063976878	12981.42662594784	13758.021387398394	13864.384416498253	13535.543677021882	12881.404628318558
PWY-7237	myo-, chiro- and scillo-inositol degradation	2717.0	4235.0	5215.0	4908.0	5046.0	2691.0	3718.000000000001	3888.0	3496.9999999999995	2948.0000000000005
PWY-7242	D-fructuronate degradation	1677.4666258847164	2756.0489034921884	3368.454160075162	3113.756377733935	3236.2212565729883	3526.9061046080765	3249.752790474703	2254.65210049736	2069.5239231294177	1934.4289688769727
PWY-7254	TCA cycle VII (acetate-producers)	3375.54272238389	4107.009438364712	3828.2810442257687	3446.6022286965804	2913.539238566787	5944.569625193246	2623.230455585216	1842.2313891322383	2189.835333538468	1916.431928404032
PWY-7323	superpathway of GDP-mannose-derived O-antigen building blocks biosynthesis	14685.234782503348	13605.783708480223	12445.273626146862	12998.247379914468	12560.422231674473	12071.116561385346	13261.195764302209	13916.765930434727	13955.647502193431	13327.319810204872
PWY-7328	superpathway of UDP-glucose-derived O-antigen building blocks biosynthesis	4062.2090913442594	4825.739178824519	4678.342951065447	4276.427531410005	3784.6991458410334	4920.525794820141	3660.661277727884	2791.748487584504	3306.033183277787	3199.5902086976557
PWY-7332	superpathway of UDP-N-acetylglucosamine-derived O-antigen building blocks biosynthesis	834.6977598663968	1759.0581796221452	2539.865163561327	2567.061078681627	2604.1320048329508	1490.4269115983643	2382.161572986178	1784.0025484952553	1114.6334953028852	786.380702590883
PWY-7347	sucrose biosynthesis III	298.8144821042027	271.06582830417625	179.1609047737186	196.42978033647432	140.6498462488008	142.70562619109398	207.5416207434044	201.7177226511989	95.07488429759584	90.60293785042168
PWY-7376	cob(II)yrinate a,c-diamide biosynthesis II (late cobalt incorporation)	854.0495546750846	1628.6190626820917	2432.514270200152	2111.3513043668568	2426.98309495238	1002.702960519368	1661.9644189872888	1517.8245965016465	1334.304483640787	1143.8517441066213
PWY-7392	taxadiene biosynthesis (engineered)	10083.426514791674	11530.386163064111	11778.166828050797	11585.22738961009	11487.387426979429	8691.797009585782	10792.890982381368	10123.431460924536	9375.835450692712	8719.780260499654
PWY-7400	L-arginine biosynthesis IV (archaebacteria)	14699.739449244418	14941.272030933183	14172.167724950805	14212.116206246592	13961.369900670765	12919.34947458476	13948.417070321597	13964.273921591195	14180.962145578287	13357.97019448812
PWY-7431	aromatic biogenic amine degradation (bacteria)	1631.7594202484709	2520.1826779970584	3067.6144475039027	2895.8683383174325	2759.8774879107355	3121.320810235776	2666.1291785878984	2154.543733424534	2072.3124892812166	2096.9567354166797
PWY-7539	6-hydroxymethyl-dihydropterin diphosphate biosynthesis III (Chlamydia)	16320.833517744051	16819.120626446653	16194.751373027088	16306.05987990803	16019.78659052004	14617.485873455567	15301.966734879605	15827.25066003869	16036.748774192702	15528.006334900085
PWY-7560	methylerythritol phosphate pathway II	14114.903919245153	14617.057706614203	14118.141882767304	14399.850658980144	13844.689263027549	12847.641704547572	12799.33137029598	14181.39240626302	14579.527040370303	13843.353100826434
PWY-7663	gondoate biosynthesis (anaerobic)	29244.973905097027	29957.048564841825	29201.95884773524	29061.18961108141	28656.965631437248	24420.47452727745	27767.92068599017	27773.6610081277	27457.073728174728	26364.893408815617
PWY-7664	oleate biosynthesis IV (anaerobic)	23386.970250752183	23787.81543366369	22688.84783828389	22947.03492111488	22312.15485564532	22086.17883890972	21727.58381905226	22630.52560013042	23070.49939953728	22087.25588707052
PWY-841	superpathway of purine nucleotides de novo biosynthesis I	18349.34500949217	18327.1080332632	17336.136706760237	17568.694465298337	17056.225320936617	16097.02864639846	16924.134581421888	17468.99184224392	17407.738426920496	16573.3111126887
PWY0-1061	superpathway of L-alanine biosynthesis	8500.156143385739	9447.673016383593	9543.709310065911	9238.613806357762	9465.434808357822	9643.370315989683	7969.992525881165	8413.973521021511	8134.345488110236	8436.90746502551
PWY0-1241	ADP-L-glycero-&beta;-D-manno-heptose biosynthesis	6473.723829442849	6404.889048317648	6599.531063823515	6567.971316371865	6562.746322653373	6450.008637134605	5052.906023498162	6686.6798101773375	6575.485733761399	6796.372876870871
PWY0-1261	anhydromuropeptides recycling	9523.839790908818	9276.118833026334	9480.086290697553	9381.861647296832	9499.692221956931	8336.246586837835	9476.212302381402	9235.23841186312	8607.051857660972	8923.296391054946
PWY0-1296	purine ribonucleosides degradation	2360.7576264974705	3418.621317854635	4100.481550146734	3713.779985996383	3950.263484847215	3680.3070938787855	4074.826818227568	2868.185782501698	2535.918484503677	2371.2253925311065
PWY0-1297	superpathway of purine deoxyribonucleosides degradation	2201.7587668695046	3298.6091528163824	3999.6074803294814	3634.6259384781542	3870.587834132615	3565.8371461521224	3844.9649079633855	2811.5000796256068	2516.0339834088127	2353.9855338592038
PWY0-1298	superpathway of pyrimidine deoxyribonucleosides degradation	1811.882174131033	2224.122419262719	2389.436063486952	2192.374881736764	2263.446959188046	2546.214046345552	3296.063104917112	1951.791479293732	1575.6473408311847	1606.3442712019214
PWY0-1319	CDP-diacylglycerol biosynthesis II	18554.88663956361	18932.832069569173	18270.982646749395	18277.667516999605	18085.708466224565	16396.30129805429	17536.240726275864	18022.579354929312	17804.382222213724	17033.902759964247
PWY0-1415	superpathway of heme biosynthesis from uroporphyrinogen-III	2540.7125000646924	2535.921493938647	2593.4622371808955	2614.943798938999	2169.298371489393	1796.196250928073	1437.0611937217184	2256.778414970899	2013.6748290149503	1927.86028855122
PWY0-1533	methylphosphonate degradation I	1686.1273861079217	2681.937975318289	4499.798921470152	3995.3634533517393	4497.093177512878	2189.8301344114866	3722.103022843165	3226.3305543142183	2991.857537863876	3181.6644220884536
PWY0-1586	peptidoglycan maturation (meso-diaminopimelate containing)	4681.738016651067	5250.77954406173	5558.567481753411	5245.192095559663	5157.951482479784	5090.48268768491	4228.210974023349	4341.109192386586	4139.441248343515	4352.925241179887
PWY0-162	superpathway of pyrimidine ribonucleotides de novo biosynthesis	18132.07431284245	18236.509798706586	17277.864475187	17430.142024597357	17070.341932932188	15699.321624173244	16958.4526568233	17303.924833420715	17339.129206538608	16597.220207391838
PWY0-166	superpathway of pyrimidine deoxyribonucleotides de novo biosynthesis (E. coli)	12611.87344630009	12721.142474870538	12349.006808324137	12295.530594128184	11878.970754359583	10792.073896682346	11350.285607438762	11684.094732356738	11246.021053554676	10950.8266725637
PWY0-42	2-methylcitrate cycle I	9279.20439450096	8515.28391829615	7114.879752049941	7596.998778496331	6803.336879370322	9107.816742097875	7645.983357208153	8530.809552114415	9563.528611010928	8723.590971817606
PWY0-781	aspartate superpathway	8674.655928624003	10352.09401455488	10939.188532306907	10692.442637106547	10544.15691542736	10413.655853205986	10224.619926910236	9661.77917572565	9339.19082700752	9267.002038373228
PWY0-845	superpathway of pyridoxal 5'-phosphate biosynthesis and salvage	127.33200079433917	102.10194750176488	302.8320192814181	228.00943176792424	403.14685286961407	232.26182486091776	275.0361323433757	301.33754250163145	370.87539041264745	425.52454972645074
PWY0-862	(5Z)-dodec-5-enoate biosynthesis	22257.108447781506	22624.17953969204	21514.58447919686	21796.471237010846	21157.207268830607	21331.171081409408	20608.85102729816	21576.19370192138	22089.8481853625	21144.697726629125
PWY490-3	nitrate reduction VI (assimilatory)	110.90568160940656	181.2510306694301	299.29017049394906	238.05361084174223	269.4425454795715	157.27124132376957	172.24892526724983	206.6701918858383	97.42728861035025	137.8474673891862
PWY4FS-7	phosphatidylglycerol biosynthesis I (plastidic)	16178.111749427244	16723.3744439456	15983.413067543144	16167.670991880892	15657.054535240177	14180.558341386855	14945.54725272138	15790.129380965203	16017.285070740836	15166.168966318057
PWY4FS-8	phosphatidylglycerol biosynthesis II (non-plastidic)	16178.111749427244	16723.3744439456	15983.41306754314	16167.670991880892	15657.054535240177	14180.558341386855	14945.54725272138	15790.129380965203	16017.285070740834	15166.168966318057
PWYG-321	mycolate biosynthesis	24376.20218133547	24693.53375008537	23533.845470957745	23833.56375280981	23161.71587467969	23197.84490819221	22613.13554003177	23607.254133367394	24034.312296564425	22999.689514844835
PYRIDNUCSAL-PWY	NAD salvage pathway I	5725.183937814513	6664.05024147457	7046.289466705902	6687.253400271211	6634.413588167673	4666.160423026981	5657.96535338565	5664.519155134509	5388.53304072589	5391.159525419516
PYRIDNUCSYN-PWY	NAD biosynthesis I (from aspartate)	7928.409332244873	8297.130113705209	7567.200255410864	7487.494465077168	7303.556481419013	7463.185219671984	7984.348666110825	6940.807330621387	6770.539000114181	6730.70643317585
PYRIDOXSYN-PWY	pyridoxal 5'-phosphate biosynthesis I	9853.023457948444	10968.097821206831	10920.373112574984	10754.990734852285	10144.030376685329	9252.016328791824	9022.48744396536	9054.914300858683	9078.5592722662	8803.369007729405
REDCITCYC	TCA cycle VIII (helicobacter)	3691.0048945698	4502.421782366235	4235.922313804223	3816.266886428271	4039.6849522671832	1753.9725818920197	3537.28576098564	2573.756909823462	2430.40521409564	3069.6389586780665
RIBOSYN2-PWY	flavin biosynthesis I (bacteria and plants)	14733.631281055525	14939.828568272003	14369.689903014169	14416.988496680127	13979.59178206788	13119.24580790409	14016.819018701452	13691.318434279794	13335.97402317654	12627.534812548543
RUMP-PWY	formaldehyde oxidation I	806.170149867789	906.8777825071804	1089.3627049627462	999.4441758246102	799.8111149144268	782.5079718160267	951.606557233056	849.2424533148434	968.9530160368848	1276.2480846060391
SALVADEHYPOX-PWY	adenosine nucleotides degradation II	5819.64756661774	6944.697862023246	7794.374173461572	7129.683699374691	7425.886775369167	6719.831048216073	7991.116307205597	5791.989596349574	5254.131796021656	5051.3478526421
SER-GLYSYN-PWY	superpathway of L-serine and glycine biosynthesis I	16715.51843058848	17735.944695497885	17923.127461037082	17886.4491853806	17662.395089675552	14464.47399222128	16428.140917665245	16570.38067329893	15998.502572466605	15396.907920538662
SO4ASSIM-PWY	sulfate reduction I (assimilatory)	7352.505230400182	9062.58273068592	9649.45346580429	9085.630128912602	9051.691387424324	7906.440019974043	7724.727814707707	7119.983967740215	6954.476763103757	6811.56644679559
SUCSYN-PWY	sucrose biosynthesis I (from photosynthesis)	909.3808157592068	840.0557723116444	566.6271299376083	616.0250709757062	445.9843692838136	457.5325661933532	644.5401992661918	614.5065509898897	305.5633615438943	291.0275013451737
SULFATE-CYS-PWY	superpathway of sulfate assimilation and cysteine biosynthesis	10449.788052534464	12159.63230275652	12674.9618675248	12157.019776345918	12137.073587162358	10333.445928099009	10700.452522271862	10210.491361448216	9988.05859255356	9767.105224258134
TCA	TCA cycle I (prokaryotic)	16392.966325135167	17065.626063940235	16986.71729099122	16832.49554858501	16822.783562308246	15407.49184357927	16395.5908367058	16238.924104406962	15695.740024071354	15488.879681231676
TCA-GLYOX-BYPASS	superpathway of glyoxylate bypass and TCA	14226.065176040642	14788.858968305927	14465.9852807866	14500.228908393236	14333.008681729469	13211.576066576186	13919.15624434308	14045.435515068331	13598.593131173024	13386.38918228591
THISYN-PWY	superpathway of thiamin diphosphate biosynthesis I	3702.097102036357	4819.627229767985	4059.795847664668	4276.088118404684	4214.461375056974	7388.716876713636	5383.818204203734	4037.902235178986	4396.479861701232	4349.390666798113
THRESYN-PWY	superpathway of L-threonine biosynthesis	16704.15813741372	16648.796060232395	15705.2594901066	15832.837185376464	15311.131069042178	15327.357808449016	16379.372063000452	15710.59809588734	15760.312869594158	15036.467454465475
TRNA-CHARGING-PWY	tRNA charging	15110.26636733746	15112.436751750478	14565.441681818822	14537.274244520464	14392.450874536757	13270.762124739937	13811.802799019864	14359.9813450096	13970.324023107794	13666.331956644868
TRPSYN-PWY	L-tryptophan biosynthesis	18386.080262947784	18028.600310260263	17354.87482106932	17555.309712524977	16929.90519905439	15972.55390055751	16377.758486479934	17154.476227680465	16450.971720164325	15382.779390226891
TYRFUMCAT-PWY	L-tyrosine degradation I	1787.4568555921758	2338.93127200242	2699.328656325539	2426.3001158046886	2679.9005369960955	2317.6728823038834	3184.469276010036	2175.796178355702	1814.759100761612	1774.269263767487
UBISYN-PWY	superpathway of ubiquinol-8 biosynthesis (prokaryotic)	8783.981677009318	10380.64823022836	10375.936715524982	10094.278457698903	9691.419321901154	8929.04004880498	8738.609759677904	8214.723043871918	8512.830391356334	8401.855357904531
UDPNAGSYN-PWY	UDP-N-acetyl-D-glucosamine biosynthesis I	14645.759781789146	14860.2083003356	14037.577570205289	14419.33672521567	13682.24060093302	12792.264206587664	13013.99922218751	14154.676304819848	14728.368957115545	13946.640579478326
VALDEG-PWY	L-valine degradation I	623.2571853676138	735.5877085060478	1000.009796105961	951.7779960249272	769.7611539775644	634.8662607651776	829.5680009266426	985.8056939395544	1076.8238603523146	1079.658519265245
VALSYN-PWY	L-valine biosynthesis	26926.0389875918	27851.97231905953	27804.95337574465	27782.0372822052	27617.04004057254	23592.236088752838	26293.17757616421	27040.93564929156	26163.172109188134	25010.409142260127
